<application>
  <component name="ProjectManager">
    <defaultProject>
      <component name="MavenImportPreferences">
        <option name="generalSettings">
          <MavenGeneralSettings>
            <option name="mavenHome" value="E:/Maven/apache-maven-3.8.6" />
            <option name="showDialogWithAdvancedSettings" value="true" />
            <option name="userSettingsFile" value="E:\Maven\apache-maven-3.8.6\conf\settings.xml" />
          </MavenGeneralSettings>
        </option>
      </component>
      <component name="PropertiesComponent">{
  &quot;keyToString&quot;: {
    &quot;last_opened_file_path&quot;: &quot;E:/Maven/apache-maven-3.8.6&quot;,
    &quot;settings.editor.selected.configurable&quot;: &quot;MavenSettings&quot;
  }
}</component>
      <component name="masterDetails">
        <states>
          <state key="ProjectJDKs.UI">
            <settings>
              <last-edited>1.8</last-edited>
              <splitter-proportions>
                <option name="proportions">
                  <list>
                    <option value="0.2" />
                  </list>
                </option>
              </splitter-proportions>
            </settings>
          </state>
        </states>
      </component>
    </defaultProject>
  </component>
</application>