<keymap version="1" name="Windows 副本" parent="$default">
  <action id="$Paste">
    <keyboard-shortcut first-keystroke="shift insert" />
  </action>
  <action id="ActivateSciViewToolWindow">
    <keyboard-shortcut first-keystroke="alt v" />
  </action>
  <action id="ChangesView.GroupBy.Module" />
  <action id="ChangesView.Move" />
  <action id="ChangesView.ShelveSilently" />
  <action id="ChooseDebugConfiguration">
    <keyboard-shortcut first-keystroke="shift alt d" />
  </action>
  <action id="ChooseRunConfiguration">
    <keyboard-shortcut first-keystroke="shift alt r" />
  </action>
  <action id="CloseAllEditorsButActive">
    <keyboard-shortcut first-keystroke="shift ctrl q" />
  </action>
  <action id="CloseAllUnmodifiedEditors">
    <keyboard-shortcut first-keystroke="shift ctrl alt q" />
  </action>
  <action id="CloseContent">
    <keyboard-shortcut first-keystroke="ctrl q" />
  </action>
  <action id="CompareTwoFiles" />
  <action id="DatabaseView.DataSourcePasteAction">
    <keyboard-shortcut first-keystroke="shift insert" />
  </action>
  <action id="Debug">
    <keyboard-shortcut first-keystroke="alt d" />
  </action>
  <action id="Diff.ShowDiff" />
  <action id="EditorDecreaseFontSize">
    <keyboard-shortcut first-keystroke="shift ctrl down" />
    <mouse-shortcut keystroke="control button142" />
  </action>
  <action id="EditorDown">
    <keyboard-shortcut first-keystroke="down" />
    <keyboard-shortcut first-keystroke="j" />
  </action>
  <action id="EditorDuplicate" />
  <action id="EditorIncreaseFontSize">
    <keyboard-shortcut first-keystroke="shift ctrl up" />
    <mouse-shortcut keystroke="control button143" />
  </action>
  <action id="EditorLeft">
    <keyboard-shortcut first-keystroke="left" />
    <keyboard-shortcut first-keystroke="h" />
  </action>
  <action id="EditorPaste">
    <keyboard-shortcut first-keystroke="shift insert" />
  </action>
  <action id="EditorResetFontSize">
    <keyboard-shortcut first-keystroke="shift ctrl space" />
    <mouse-shortcut keystroke="control button2" />
  </action>
  <action id="EditorRight">
    <keyboard-shortcut first-keystroke="right" />
    <keyboard-shortcut first-keystroke="l" />
  </action>
  <action id="EditorScrollToCenter" />
  <action id="EditorUp">
    <keyboard-shortcut first-keystroke="up" />
    <keyboard-shortcut first-keystroke="k" />
  </action>
  <action id="ExtractMethod" />
  <action id="FileChooser.GotoDesktop" />
  <action id="FindPrevious">
    <keyboard-shortcut first-keystroke="shift f3" />
  </action>
  <action id="GotoPreviousBookmark">
    <keyboard-shortcut first-keystroke="alt k" />
  </action>
  <action id="Jdbc.OpenConsole.New" />
  <action id="Jdbc.OpenConsole.New.Generate" />
  <action id="JupyterNotebookConvertToMarkdownCellCommandModeAction" />
  <action id="JupyterNotebookMoveCellDownCommandModeAction">
    <keyboard-shortcut first-keystroke="alt down" />
  </action>
  <action id="JupyterNotebookPasteCellCommandModeAction">
    <keyboard-shortcut first-keystroke="v" />
  </action>
  <action id="MethodHierarchy" />
  <action id="MethodHierarchy.BaseOnThisMethod" />
  <action id="MoveStatementDown" />
  <action id="MoveStatementUp" />
  <action id="NextTab">
    <keyboard-shortcut first-keystroke="alt right" />
    <keyboard-shortcut first-keystroke="alt l" />
  </action>
  <action id="PreviousTab">
    <keyboard-shortcut first-keystroke="alt left" />
    <keyboard-shortcut first-keystroke="alt h" />
  </action>
  <action id="QuickJavaDoc">
    <mouse-shortcut keystroke="alt button2" />
  </action>
  <action id="Replace" />
  <action id="RerunTests" />
  <action id="Run">
    <keyboard-shortcut first-keystroke="alt r" />
  </action>
  <action id="RunDashboard.CopyConfiguration" />
  <action id="RunToolbarRerunAction">
    <keyboard-shortcut first-keystroke="ctrl r" />
  </action>
  <action id="SelectNextOccurrence" />
  <action id="SendEOF" />
  <action id="ShowBookmarks">
    <keyboard-shortcut first-keystroke="shift alt m" />
  </action>
  <action id="ShowContent">
    <keyboard-shortcut first-keystroke="alt down" />
    <keyboard-shortcut first-keystroke="alt j" />
  </action>
  <action id="SmartTypeCompletion" />
  <action id="Terminal.Paste">
    <keyboard-shortcut first-keystroke="shift insert" />
  </action>
  <action id="TodoViewGroupByShowModules" />
  <action id="ToggleBookmark">
    <keyboard-shortcut first-keystroke="alt m" />
  </action>
  <action id="Unsplit">
    <keyboard-shortcut first-keystroke="shift ctrl s" />
  </action>
  <action id="UsageFiltering.ReadAccess" />
  <action id="UsageGrouping.Module" />
  <action id="Vcs.Log.ShowTooltip">
    <mouse-shortcut keystroke="alt button2" />
  </action>
  <action id="Vcs.MoveChangedLinesToChangelist" />
  <action id="Vcs.ShowMessageHistory" />
  <action id="Vcs.ToggleAmendCommitMode" />
  <action id="XDebugger.CopyWatch" />
  <action id="hg4idea.QFold" />
  <action id="openAssertEqualsDiff" />
  <action id="org.intellij.plugins.markdown.ui.actions.styling.ToggleStrikethroughAction" />
</keymap>